source_group_id,review_count,overall_quality_mean,evidence_credibility_mean,practical_value_mean
G1,20,3.785,3.595,3.315
G2,20,3.7950000000000004,3.6149999999999998,3.3200000000000003
G3,20,3.755,3.46,3.19
G4,20,3.75,3.5700000000000003,3.225
