source_group_id,review_count,overall_quality_mean,evidence_credibility_mean,practical_value_mean
G1,20,3.4450000000000003,2.975,2.94
G2,20,3.585,3.31,3.1149999999999998
G3,20,3.435,2.96,3.05
G4,20,3.4549999999999996,3.07,3.0300000000000002
